cat,name,price,rating
Travel,It's Only the Himalayas,45.17 £,Two star(s)
Travel,Full Moon over Noah’s Ark: An Odyssey to Mount Ararat and Beyond,49.43 £,Four star(s)
Travel,See America: A Celebration of Our National Parks & Treasured Sites,48.87 £,Three star(s)
Travel,Vagabonding: An Uncommon Guide to the Art of Long-Term World Travel,36.94 £,Two star(s)
Travel,Under the Tuscan Sun,37.33 £,Three star(s)
Travel,A Summer In Europe,44.34 £,Two star(s)
Travel,The Great Railway Bazaar,30.54 £,One star(s)
Travel,A Year in Provence (Provence #1),56.88 £,Four star(s)
Travel,The Road to Little Dribbling: Adventures of an American in Britain (Notes From a Small Island #2),23.21 £,One star(s)
Travel,Neither Here nor There: Travels in Europe,38.95 £,Three star(s)
Travel,"1,000 Places to See Before You Die",26.08 £,Five star(s)
Mystery,Sharp Objects,47.82 £,Four star(s)
Mystery,"In a Dark, Dark Wood",19.63 £,One star(s)
Mystery,The Past Never Ends,56.50 £,Four star(s)
Mystery,A Murder in Time,16.64 £,One star(s)
Mystery,The Murder of Roger Ackroyd (Hercule Poirot #4),44.10 £,Four star(s)
Mystery,The Last Mile (Amos Decker #2),54.21 £,Two star(s)
Mystery,That Darkness (Gardiner and Renner #1),13.92 £,One star(s)
Mystery,Tastes Like Fear (DI Marnie Rome #3),10.69 £,One star(s)
Mystery,A Time of Torment (Charlie Parker #14),48.35 £,Five star(s)
Mystery,A Study in Scarlet (Sherlock Holmes #1),16.73 £,Two star(s)
Mystery,Poisonous (Max Revere Novels #3),26.80 £,Three star(s)
Mystery,Murder at the 42nd Street Library (Raymond Ambler #1),54.36 £,Four star(s)
Mystery,Most Wanted,35.28 £,Three star(s)
Mystery,Hide Away (Eve Duncan #20),11.84 £,One star(s)
Mystery,Boar Island (Anna Pigeon #19),59.48 £,Three star(s)
Mystery,The Widow,27.26 £,Two star(s)
Mystery,Playing with Fire,13.71 £,Three star(s)
Mystery,What Happened on Beale Street (Secrets of the South Mysteries #2),25.37 £,Five star(s)
Mystery,The Bachelor Girl's Guide to Murder (Herringford and Watts Mysteries #1),52.30 £,Five star(s)
Mystery,Delivering the Truth (Quaker Midwife Mystery #1),20.89 £,Four star(s)
Mystery,The Mysterious Affair at Styles (Hercule Poirot #1),24.80 £,Four star(s)
Mystery,In the Woods (Dublin Murder Squad #1),38.38 £,Two star(s)
Mystery,The Silkworm (Cormoran Strike #2),23.05 £,Five star(s)
Mystery,The Exiled,43.45 £,Three star(s)
Mystery,The Cuckoo's Calling (Cormoran Strike #1),19.21 £,One star(s)
Mystery,Extreme Prey (Lucas Davenport #26),25.40 £,Three star(s)
Mystery,Career of Evil (Cormoran Strike #3),24.72 £,Two star(s)
Mystery,The No. 1 Ladies' Detective Agency (No. 1 Ladies' Detective Agency #1),57.70 £,Four star(s)
Mystery,The Girl You Lost,12.29 £,Five star(s)
Mystery,The Girl In The Ice (DCI Erika Foster #1),15.85 £,Three star(s)
Mystery,Blood Defense (Samantha Brinkman #1),20.30 £,Three star(s)
Mystery,1st to Die (Women's Murder Club #1),53.98 £,One star(s)
Historical Fiction,Tipping the Velvet,53.74 £,One star(s)
Historical Fiction,Forever and Forever: The Courtship of Henry Longfellow and Fanny Appleton,29.69 £,Three star(s)
Historical Fiction,A Flight of Arrows (The Pathfinders #2),55.53 £,Five star(s)
Historical Fiction,The House by the Lake,36.95 £,One star(s)
Historical Fiction,Mrs. Houdini,30.25 £,Five star(s)
Historical Fiction,The Marriage of Opposites,28.08 £,Four star(s)
Historical Fiction,Glory over Everything: Beyond The Kitchen House,45.84 £,Three star(s)
Historical Fiction,"Love, Lies and Spies",20.55 £,Two star(s)
Historical Fiction,A Paris Apartment,39.01 £,Four star(s)
Historical Fiction,Lilac Girls,17.28 £,Two star(s)
Historical Fiction,The Constant Princess (The Tudor Court #1),16.62 £,Three star(s)
Historical Fiction,The Invention of Wings,37.34 £,One star(s)
Historical Fiction,World Without End (The Pillars of the Earth #2),32.97 £,Four star(s)
Historical Fiction,The Passion of Dolssa,28.32 £,Five star(s)
Historical Fiction,Girl With a Pearl Earring,26.77 £,One star(s)
Historical Fiction,Voyager (Outlander #3),21.07 £,Five star(s)
Historical Fiction,The Red Tent,35.66 £,Five star(s)
Historical Fiction,The Last Painting of Sara de Vos,55.55 £,Two star(s)
Historical Fiction,The Guernsey Literary and Potato Peel Pie Society,49.53 £,One star(s)
Historical Fiction,Girl in the Blue Coat,46.83 £,Two star(s)
Historical Fiction,Between Shades of Gray,20.79 £,Five star(s)
Historical Fiction,While You Were Mine,41.32 £,Five star(s)
Historical Fiction,The Secret Healer,34.56 £,Three star(s)
Historical Fiction,Starlark,25.83 £,Three star(s)
Historical Fiction,Lost Among the Living,27.70 £,Four star(s)
Historical Fiction,A Spy's Devotion (The Regency Spies of London #1),16.97 £,Five star(s)
Sequential Art,Scott Pilgrim's Precious Little Life (Scott Pilgrim #1),52.29 £,Five star(s)
Sequential Art,Tsubasa: WoRLD CHRoNiCLE 2 (Tsubasa WoRLD CHRoNiCLE #2),16.28 £,One star(s)
Sequential Art,This One Summer,19.49 £,Four star(s)
Sequential Art,The Nameless City (The Nameless City #1),38.16 £,Four star(s)
Sequential Art,"Saga, Volume 5 (Saga (Collected Editions) #5)",51.04 £,Two star(s)
Sequential Art,"Rat Queens, Vol. 3: Demons (Rat Queens (Collected Editions) #11-15)",50.40 £,Three star(s)
Sequential Art,"Princess Jellyfish 2-in-1 Omnibus, Vol. 01 (Princess Jellyfish 2-in-1 Omnibus #1)",13.61 £,Five star(s)
Sequential Art,"Pop Gun War, Volume 1: Gift",18.97 £,One star(s)
Sequential Art,Patience,10.16 £,Three star(s)
Sequential Art,"Outcast, Vol. 1: A Darkness Surrounds Him (Outcast #1)",15.44 £,Four star(s)
Sequential Art,orange: The Complete Collection 1 (orange: The Complete Collection #1),48.41 £,One star(s)
Sequential Art,"Lumberjanes, Vol. 2: Friendship to the Max (Lumberjanes #5-8)",46.91 £,Two star(s)
Sequential Art,"Lumberjanes, Vol. 1: Beware the Kitten Holy (Lumberjanes #1-4)",45.61 £,Three star(s)
Sequential Art,Lumberjanes Vol. 3: A Terrible Plan (Lumberjanes #9-12),19.92 £,Two star(s)
Sequential Art,"I Hate Fairyland, Vol. 1: Madly Ever After (I Hate Fairyland (Compilations) #1-5)",29.17 £,Two star(s)
Sequential Art,I am a Hero Omnibus Volume 1,54.63 £,Three star(s)
Sequential Art,"Giant Days, Vol. 2 (Giant Days #5-8)",22.11 £,Two star(s)
Sequential Art,Danganronpa Volume 1,51.99 £,Four star(s)
Sequential Art,"Codename Baboushka, Volume 1: The Conclave of Death",36.72 £,Four star(s)
Sequential Art,Camp Midnight,17.08 £,Four star(s)
Sequential Art,"Bitch Planet, Vol. 1: Extraordinary Machine (Bitch Planet (Collected Editions))",37.92 £,Two star(s)
Sequential Art,The Shadow Hero (The Shadow Hero),33.14 £,One star(s)
Sequential Art,"Fables, Vol. 1: Legends in Exile (Fables #1)",41.62 £,Four star(s)
Sequential Art,Batman: The Long Halloween (Batman),36.50 £,Two star(s)
Sequential Art,Batman: The Dark Knight Returns (Batman),15.38 £,Five star(s)
Sequential Art,"Wonder Woman: Earth One, Volume One (Wonder Woman: Earth One #1)",37.34 £,Four star(s)
Sequential Art,"We Are Robin, Vol. 1: The Vigilante Business (We Are Robin #1)",53.90 £,One star(s)
Sequential Art,Through the Woods,25.38 £,Two star(s)
Sequential Art,Superman Vol. 1: Before Truth (Superman by Gene Luen Yang #1),11.89 £,Five star(s)
Sequential Art,"So Cute It Hurts!!, Vol. 6 (So Cute It Hurts!! #6)",35.43 £,Four star(s)
Sequential Art,Robin War,47.82 £,Three star(s)
Sequential Art,"Red Hood/Arsenal, Vol. 1: Open for Business (Red Hood/Arsenal #1)",25.48 £,Two star(s)
Sequential Art,"Naruto (3-in-1 Edition), Vol. 14: Includes Vols. 40, 41 & 42 (Naruto: Omnibus #14)",38.39 £,Two star(s)
Sequential Art,Lowriders to the Center of the Earth (Lowriders in Space #2),51.51 £,Two star(s)
Sequential Art,El Deafo,57.62 £,Five star(s)
Sequential Art,Batman: Europa,32.01 £,Two star(s)
Sequential Art,Art Ops Vol. 1,48.80 £,Three star(s)
Sequential Art,"Adulthood Is a Myth: A ""Sarah's Scribbles"" Collection",10.90 £,Two star(s)
Sequential Art,"Fruits Basket, Vol. 9 (Fruits Basket #9)",33.95 £,Four star(s)
Sequential Art,Roller Girl,14.10 £,Five star(s)
Sequential Art,"Fruits Basket, Vol. 7 (Fruits Basket #7)",19.57 £,One star(s)
Sequential Art,"Fruits Basket, Vol. 6 (Fruits Basket #6)",20.96 £,Four star(s)
Sequential Art,"Death Note, Vol. 6: Give-and-Take (Death Note #6)",36.39 £,Three star(s)
Sequential Art,"Fruits Basket, Vol. 5 (Fruits Basket #5)",16.33 £,One star(s)
Sequential Art,"Death Note, Vol. 5: Whiteout (Death Note #5)",52.41 £,One star(s)
Sequential Art,"The Demon Prince of Momochi House, Vol. 4 (The Demon Prince of Momochi House #4)",27.88 £,Two star(s)
Sequential Art,"Fruits Basket, Vol. 4 (Fruits Basket #4)",50.44 £,Four star(s)
Sequential Art,"The Wicked + The Divine, Vol. 3: Commercial Suicide (The Wicked + The Divine)",14.41 £,Three star(s)
Sequential Art,"The Sandman, Vol. 3: Dream Country (The Sandman (volumes) #3)",55.55 £,Five star(s)
Sequential Art,"Saga, Volume 3 (Saga (Collected Editions) #3)",21.57 £,Five star(s)
Sequential Art,Prodigy: The Graphic Novel (Legend: The Graphic Novel #2),43.63 £,Three star(s)
Sequential Art,Persepolis: The Story of a Childhood (Persepolis #1-2),39.13 £,One star(s)
Sequential Art,Original Fake,31.45 £,Three star(s)
Sequential Art,"Grayson, Vol 3: Nemesis (Grayson #3)",42.72 £,One star(s)
Sequential Art,"Fruits Basket, Vol. 3 (Fruits Basket #3)",45.17 £,Two star(s)
Sequential Art,"Black Butler, Vol. 1 (Black Butler #1)",49.31 £,One star(s)
Sequential Art,Awkward,38.02 £,Two star(s)
Sequential Art,"The Sandman, Vol. 2: The Doll's House (The Sandman (volumes) #2)",54.81 £,One star(s)
Sequential Art,"Saga, Volume 2 (Saga (Collected Editions) #2)",11.75 £,Three star(s)
Sequential Art,"Fruits Basket, Vol. 2 (Fruits Basket #2)",11.64 £,Five star(s)
Sequential Art,"Y: The Last Man, Vol. 1: Unmanned (Y: The Last Man #1)",18.51 £,Four star(s)
Sequential Art,"The Wicked + The Divine, Vol. 1: The Faust Act (The Wicked + The Divine)",36.52 £,Two star(s)
Sequential Art,"The Sandman, Vol. 1: Preludes and Nocturnes (The Sandman (volumes) #1)",54.12 £,Three star(s)
Sequential Art,The Complete Maus (Maus #1-2),10.64 £,Three star(s)
Sequential Art,"Skip Beat!, Vol. 01 (Skip Beat! #1)",42.12 £,Three star(s)
Sequential Art,"Saga, Volume 1 (Saga (Collected Editions) #1)",28.48 £,One star(s)
Sequential Art,"Rat Queens, Vol. 1: Sass & Sorcery (Rat Queens (Collected Editions) #1-5)",46.96 £,Five star(s)
Sequential Art,"Paper Girls, Vol. 1 (Paper Girls #1-5)",21.71 £,Four star(s)
Sequential Art,"Ouran High School Host Club, Vol. 1 (Ouran High School Host Club #1)",29.87 £,Three star(s)
Sequential Art,"Ms. Marvel, Vol. 1: No Normal (Ms. Marvel (2014-2015) #1)",39.39 £,Four star(s)
Sequential Art,"Hawkeye, Vol. 1: My Life as a Weapon (Hawkeye #1)",45.24 £,Three star(s)
Sequential Art,"Giant Days, Vol. 1 (Giant Days #1-4)",56.76 £,Four star(s)
Sequential Art,"Fruits Basket, Vol. 1 (Fruits Basket #1)",40.28 £,Five star(s)
Sequential Art,"Bleach, Vol. 1: Strawberry and the Soul Reapers (Bleach #1)",34.65 £,Five star(s)
Sequential Art,"Ajin: Demi-Human, Volume 1 (Ajin: Demi-Human #1)",57.06 £,Four star(s)
Classics,The Secret Garden,15.08 £,Four star(s)
Classics,The Metamorphosis,28.58 £,One star(s)
Classics,The Pilgrim's Progress,50.26 £,Two star(s)
Classics,The Hound of the Baskervilles (Sherlock Holmes #5),14.82 £,Two star(s)
Classics,Little Women (Little Women #1),28.07 £,Four star(s)
Classics,Gone with the Wind,32.49 £,Three star(s)
Classics,Candide,58.63 £,Three star(s)
Classics,Animal Farm,57.22 £,Three star(s)
Classics,Wuthering Heights,17.73 £,Three star(s)
Classics,The Picture of Dorian Gray,29.70 £,Two star(s)
Classics,The Complete Stories and Poems (The Works of Edgar Allan Poe [Cameo Edition]),26.78 £,Four star(s)
Classics,Beowulf,38.35 £,Two star(s)
Classics,And Then There Were None,35.01 £,Two star(s)
Classics,The Story of Hong Gildong,43.19 £,Four star(s)
Classics,The Little Prince,45.42 £,Two star(s)
Classics,Sense and Sensibility,37.46 £,One star(s)
Classics,Of Mice and Men,47.11 £,Two star(s)
Classics,Emma,32.93 £,Two star(s)
Classics,Alice in Wonderland (Alice's Adventures in Wonderland #1),55.53 £,One star(s)
Philosophy,Sophie's World,15.94 £,Five star(s)
Philosophy,The Death of Humanity: and the Case for Life,58.11 £,Four star(s)
Philosophy,The Stranger,17.44 £,Four star(s)
Philosophy,Proofs of God: Classical Arguments from Tertullian to Barth,54.21 £,One star(s)
Philosophy,Kierkegaard: A Christian Missionary to Christians,47.13 £,One star(s)
Philosophy,"At The Existentialist Café: Freedom, Being, and apricot cocktails with: Jean-Paul Sartre, Simone de Beauvoir, Albert Camus, Martin Heidegger, Edmund Husserl, Karl Jaspers, Maurice Merleau-Ponty and others",29.93 £,Five star(s)
Philosophy,Critique of Pure Reason,20.75 £,One star(s)
Philosophy,"Run, Spot, Run: The Ethics of Keeping Pets",20.02 £,One star(s)
Philosophy,The Nicomachean Ethics,36.34 £,One star(s)
Philosophy,Meditations,25.89 £,Two star(s)
Philosophy,Beyond Good and Evil,43.38 £,One star(s)
Romance,Chase Me (Paris Nights #2),25.27 £,Five star(s)
Romance,Black Dust,34.53 £,Five star(s)
Romance,Her Backup Boyfriend (The Sorensen Family #1),33.97 £,One star(s)
Romance,First and First (Five Boroughs #3),15.97 £,Four star(s)
Romance,Fifty Shades Darker (Fifty Shades #2),21.96 £,One star(s)
Romance,The Wedding Dress,24.12 £,One star(s)
Romance,Suddenly in Love (Lake Haven #1),55.99 £,Two star(s)
Romance,Something More Than This,16.24 £,Four star(s)
Romance,Doing It Over (Most Likely To #1),35.61 £,Three star(s)
Romance,The Wedding Pact (The O'Malleys #2),32.61 £,Three star(s)
Romance,Hold Your Breath (Search and Rescue #1),28.82 £,One star(s)
Romance,Dirty (Dive Bar #1),40.83 £,Four star(s)
Romance,Take Me Home Tonight (Rock Star Romance #3),53.98 £,Three star(s)
Romance,Off the Hook (Fishing for Trouble #1),47.67 £,Three star(s)
Romance,A Gentleman's Position (Society of Gentlemen #3),14.75 £,Five star(s)
Romance,"Sit, Stay, Love",20.90 £,Three star(s)
Romance,A Girl's Guide to Moving On (New Beginnings #2),31.30 £,One star(s)
Romance,The Perfect Play (Play by Play #1),59.99 £,Three star(s)
Romance,Dark Lover (Black Dagger Brotherhood #1),12.87 £,One star(s)
Romance,Changing the Game (Play by Play #2),13.38 £,Three star(s)
Romance,A Walk to Remember,56.43 £,One star(s)
Romance,The Purest Hook (Second Circle Tattoos #3),12.25 £,One star(s)
Romance,The Obsession,45.43 £,One star(s)
Romance,Reservations for Two,11.10 £,Three star(s)
Romance,Best of My Love (Fool's Gold #20),27.41 £,Two star(s)
Romance,Where Lightning Strikes (Bleeding Stars #3),39.77 £,Three star(s)
Romance,This One Moment (Pushing Limits #1),48.71 £,One star(s)
Romance,"Rhythm, Chord & Malykhin",28.34 £,Two star(s)
Romance,My Perfect Mistake (Over the Top #1),38.92 £,Two star(s)
Romance,Listen to Me (Fusion #1),58.99 £,Three star(s)
Romance,Imperfect Harmony,34.74 £,Four star(s)
Romance,Fighting Fate (Fighting #6),39.24 £,Three star(s)
Romance,Deep Under (Walker Security #1),47.09 £,Five star(s)
Romance,Charity's Cross (Charles Towne Belles #4),41.24 £,One star(s)
Romance,Bounty (Colorado Mountain #7),37.26 £,Four star(s)
Womens Fiction,I Had a Nice Time And Other Lies...: How to find love & sh*t like that,57.36 £,Four star(s)
Womens Fiction,Will You Won't You Want Me?,13.86 £,Three star(s)
Womens Fiction,Keep Me Posted,20.46 £,Four star(s)
Womens Fiction,Grey (Fifty Shades #4),48.49 £,Four star(s)
Womens Fiction,Meternity,43.58 £,Three star(s)
Womens Fiction,Some Women,13.73 £,Five star(s)
Womens Fiction,Shopaholic Ties the Knot (Shopaholic #3),48.39 £,Five star(s)
Womens Fiction,Can You Keep a Secret?,21.94 £,One star(s)
Womens Fiction,Twenties Girl,42.80 £,Two star(s)
Womens Fiction,The Undomestic Goddess,45.75 £,Four star(s)
Womens Fiction,The Nanny Diaries (Nanny #1),52.53 £,Five star(s)
Womens Fiction,The Devil Wears Prada (The Devil Wears Prada #1),44.29 £,One star(s)
Womens Fiction,Something Borrowed (Darcy & Rachel #1),48.96 £,Five star(s)
Womens Fiction,Something Blue (Darcy & Rachel #2),54.62 £,One star(s)
Womens Fiction,I've Got Your Number,19.69 £,One star(s)
Womens Fiction,The Edge of Reason (Bridget Jones #2),19.18 £,Four star(s)
Womens Fiction,Bridget Jones's Diary (Bridget Jones #1),29.82 £,One star(s)
Fiction,Soumission,50.10 £,One star(s)
Fiction,Private Paris (Private #10),47.61 £,Five star(s)
Fiction,"We Love You, Charlie Freeman",50.27 £,Five star(s)
Fiction,Thirst,17.27 £,Five star(s)
Fiction,The Murder That Never Was (Forensic Instincts #5),54.11 £,Three star(s)
Fiction,Tuesday Nights in 1980,21.04 £,Two star(s)
Fiction,The Vacationers,42.15 £,Four star(s)
Fiction,The Regional Office Is Under Attack!,51.36 £,Five star(s)
Fiction,Finders Keepers (Bill Hodges Trilogy #2),53.53 £,Five star(s)
Fiction,The Time Keeper,27.88 £,Five star(s)
Fiction,The Testament of Mary,52.67 £,Four star(s)
Fiction,The First Hostage (J.B. Collins #2),25.85 £,Three star(s)
Fiction,Take Me with You,45.21 £,Three star(s)
Fiction,Still Life with Bread Crumbs,26.41 £,Three star(s)
Fiction,Shtum,55.84 £,Four star(s)
Fiction,My Name Is Lucy Barton,41.56 £,One star(s)
Fiction,My Mrs. Brown,24.48 £,Three star(s)
Fiction,Mr. Mercedes (Bill Hodges Trilogy #1),28.90 £,One star(s)
Fiction,I Am Pilgrim (Pilgrim #1),10.60 £,Four star(s)
Fiction,Eligible (The Austen Project #4),27.09 £,Three star(s)
Fiction,Eight Hundred Grapes,14.39 £,Four star(s)
Fiction,Dear Mr. Knightley,11.21 £,Five star(s)
Fiction,Cometh the Hour (The Clifton Chronicles #6),25.01 £,Three star(s)
Fiction,Balloon Animals,17.03 £,Three star(s)
Fiction,A Man Called Ove,39.72 £,One star(s)
Fiction,The Silent Sister (Riley MacPherson #1),46.29 £,Five star(s)
Fiction,The Dinner Party,56.54 £,Two star(s)
Fiction,The Improbability of Love,59.45 £,One star(s)
Fiction,Mothering Sunday,13.34 £,Two star(s)
Fiction,Lies and Other Acts of Love,45.14 £,One star(s)
Fiction,Daredevils,16.34 £,Three star(s)
Fiction,11/22/63,48.48 £,Three star(s)
Fiction,The Shack,28.03 £,One star(s)
Fiction,The High Mountains of Portugal,51.15 £,One star(s)
Fiction,Miller's Valley,58.54 £,Two star(s)
Fiction,Hystopia: A Novel,21.96 £,Four star(s)
Fiction,The Bourne Identity (Jason Bourne #1),42.78 £,Four star(s)
Fiction,Sister Dear,40.20 £,Four star(s)
Fiction,Memoirs of a Geisha,49.67 £,Three star(s)
Fiction,Me Before You (Me Before You #1),19.02 £,One star(s)
Fiction,Deception Point,40.32 £,Four star(s)
Fiction,The Little Paris Bookshop,24.73 £,Three star(s)
Fiction,The Firm,45.56 £,Three star(s)
Fiction,The Expatriates,44.58 £,Two star(s)
Fiction,Siddhartha,34.22 £,Five star(s)
Fiction,Last One Home (New Beginnings #1),59.98 £,Three star(s)
Fiction,Digital Fortress,58.00 £,Five star(s)
Fiction,Atlas Shrugged,26.58 £,Five star(s)
Fiction,Three-Martini Lunch,23.21 £,Three star(s)
Fiction,The Nightingale,26.26 £,Four star(s)
Fiction,The Infinities,27.41 £,One star(s)
Fiction,The Husband's Secret,52.51 £,Five star(s)
Fiction,The Da Vinci Code (Robert Langdon #2),22.96 £,Two star(s)
Fiction,The Art of Fielding,22.10 £,One star(s)
Fiction,Lila (Gilead #3),12.47 £,Three star(s)
Fiction,Jurassic Park (Jurassic Park #1),44.97 £,One star(s)
Fiction,Inferno (Robert Langdon #4),41.00 £,Five star(s)
Fiction,Crazy Rich Asians (Crazy Rich Asians #1),49.13 £,Five star(s)
Fiction,Big Little Lies,22.11 £,One star(s)
Fiction,The Course of Love,16.78 £,Three star(s)
Fiction,When I'm Gone,51.96 £,Three star(s)
Fiction,The Silent Wife,12.34 £,Five star(s)
Fiction,The Bette Davis Club,30.66 £,Three star(s)
Fiction,Kitchens of the Great Midwest,57.20 £,Five star(s)
Fiction,Bright Lines,39.07 £,Five star(s)
Childrens,Birdsong: A Story in Pictures,54.64 £,Three star(s)
Childrens,The Bear and the Piano,36.89 £,One star(s)
Childrens,The Secret of Dreadwillow Carse,56.13 £,One star(s)
Childrens,The White Cat and the Monk: A Retelling of the Poem “Pangur Bán”,58.08 £,Four star(s)
Childrens,Little Red,13.47 £,Three star(s)
Childrens,Walt Disney's Alice in Wonderland,12.96 £,Five star(s)
Childrens,Twenty Yawns,22.08 £,Two star(s)
Childrens,Rain Fish,23.57 £,Three star(s)
Childrens,Once Was a Time,18.28 £,Two star(s)
Childrens,Luis Paints the World,53.95 £,Three star(s)
Childrens,Nap-a-Roo,25.08 £,One star(s)
Childrens,The Whale,35.96 £,Four star(s)
Childrens,"Shrunken Treasures: Literary Classics, Short, Sweet, and Silly",52.87 £,Three star(s)
Childrens,Raymie Nightingale,34.41 £,Two star(s)
Childrens,Playing from the Heart,32.38 £,One star(s)
Childrens,Maybe Something Beautiful: How Art Transformed a Neighborhood,22.54 £,One star(s)
Childrens,The Wild Robot,56.07 £,Three star(s)
Childrens,The Thing About Jellyfish,48.77 £,One star(s)
Childrens,The Lonely Ones,43.59 £,Five star(s)
Childrens,The Day the Crayons Came Home (Crayons),26.33 £,Five star(s)
Childrens,The Cat in the Hat (Beginner Books B-1),16.26 £,Two star(s)
Childrens,Red: The True Story of Red Riding Hood,28.54 £,Three star(s)
Childrens,Horrible Bear!,37.52 £,Two star(s)
Childrens,Green Eggs and Ham (Beginner Books B-16),10.79 £,Four star(s)
Childrens,Counting Thyme,10.62 £,One star(s)
Childrens,Are We There Yet?,10.66 £,Three star(s)
Childrens,Diary of a Minecraft Zombie Book 1: A Scare of a Dare (An Unofficial Minecraft Book),52.88 £,Four star(s)
Childrens,Matilda,28.34 £,One star(s)
Childrens,Charlie and the Chocolate Factory (Charlie Bucket #1),22.85 £,Three star(s)
Religion,"Don't Be a Jerk: And Other Practical Advice from Dogen, Japan's Greatest Zen Master",37.97 £,Two star(s)
Religion,You Are What You Love: The Spiritual Power of Habit,21.87 £,Four star(s)
Religion,God: The Most Unpleasant Character in All Fiction,30.03 £,Five star(s)
Religion,The Book of Mormon,24.57 £,Three star(s)
Religion,"A History of God: The 4,000-Year Quest of Judaism, Christianity, and Islam",27.62 £,One star(s)
Religion,The Bhagavad Gita,57.49 £,Three star(s)
Religion,Choosing Our Religion: The Spiritual Lives of America's Nones,28.42 £,Four star(s)
Nonfiction,Worlds Elsewhere: Journeys Around Shakespeare’s Globe,40.30 £,Five star(s)
Nonfiction,The Five Love Languages: How to Express Heartfelt Commitment to Your Mate,31.05 £,Three star(s)
Nonfiction,Reasons to Stay Alive,26.41 £,Two star(s)
Nonfiction,#HigherSelfie: Wake Up Your Life. Free Your Soul. Find Your Tribe.,23.11 £,Five star(s)
Nonfiction,"Unseen City: The Majesty of Pigeons, the Discreet Charm of Snails & Other Wonders of the Urban Wilderness",44.18 £,Four star(s)
Nonfiction,Throwing Rocks at the Google Bus: How Growth Became the Enemy of Prosperity,31.12 £,Three star(s)
Nonfiction,The Life-Changing Magic of Tidying Up: The Japanese Art of Decluttering and Organizing,16.77 £,Three star(s)
Nonfiction,The Gutsy Girl: Escapades for Your Life of Epic Adventure,37.13 £,One star(s)
Nonfiction,The Electric Pencil: Drawings from Inside State Hospital No. 3,56.06 £,One star(s)
Nonfiction,Spark Joy: An Illustrated Master Class on the Art of Organizing and Tidying Up,41.83 £,Four star(s)
Nonfiction,Reskilling America: Learning to Labor in the Twenty-First Century,19.83 £,Two star(s)
Nonfiction,In the Country We Love: My Family Divided,22.00 £,Four star(s)
Nonfiction,Everydata: The Misinformation Hidden in the Little Data You Consume Every Day,54.35 £,Two star(s)
Nonfiction,Call the Nurse: True Stories of a Country Nurse on a Scottish Isle,29.14 £,Five star(s)
Nonfiction,Algorithms to Live By: The Computer Science of Human Decisions,30.81 £,One star(s)
Nonfiction,The Power of Now: A Guide to Spiritual Enlightenment,43.54 £,Two star(s)
Nonfiction,The Omnivore's Dilemma: A Natural History of Four Meals,38.21 £,Two star(s)
Nonfiction,The Genius of Birds,17.24 £,One star(s)
Nonfiction,The Artist's Way: A Spiritual Path to Higher Creativity,38.49 £,Five star(s)
Nonfiction,So You've Been Publicly Shamed,12.23 £,Two star(s)
Nonfiction,"Daring Greatly: How the Courage to Be Vulnerable Transforms the Way We Live, Love, Parent, and Lead",19.43 £,Three star(s)
Nonfiction,Big Magic: Creative Living Beyond Fear,30.80 £,Three star(s)
Nonfiction,Becoming Wise: An Inquiry into the Mystery and Art of Living,27.43 £,Two star(s)
Nonfiction,Agnostic: A Spirited Manifesto,12.51 £,Five star(s)
Nonfiction,Whole Lotta Creativity Going On: 60 Fun and Unusual Exercises to Awaken and Strengthen Your Creativity,38.20 £,Four star(s)
Nonfiction,What's It Like in Space?: Stories from Astronauts Who've Been There,19.60 £,Two star(s)
Nonfiction,The Year of Magical Thinking,43.04 £,Two star(s)
Nonfiction,The Literature Book (Big Ideas Simply Explained),17.43 £,Three star(s)
Nonfiction,The Bad-Ass Librarians of Timbuktu: And Their Race to Save the World’s Most Precious Manuscripts,15.77 £,One star(s)
Nonfiction,Swell: A Year of Waves,45.58 £,One star(s)
Nonfiction,No Dream Is Too High: Life Lessons From a Man Who Walked on the Moon,21.95 £,Two star(s)
Nonfiction,Looking for Lovely: Collecting the Moments that Matter,29.14 £,Five star(s)
Nonfiction,Let It Out: A Journey Through Journaling,26.79 £,Five star(s)
Nonfiction,Hamilton: The Revolution,58.79 £,Three star(s)
Nonfiction,"Far & Away: Places on the Brink of Change: Seven Continents, Twenty-Five Years",15.06 £,Four star(s)
Nonfiction,"Eaternity: More than 150 Deliciously Easy Vegan Recipes for a Long, Healthy, Satisfied, Joyful Life",51.75 £,Five star(s)
Nonfiction,Buying In: The Secret Dialogue Between What We Buy and Who We Are,37.80 £,Four star(s)
Nonfiction,Brain on Fire: My Month of Madness,49.32 £,Five star(s)
Nonfiction,Abstract City,56.37 £,Five star(s)
Nonfiction,13 Hours: The Inside Account of What Really Happened In Benghazi,27.06 £,One star(s)
Nonfiction,The Lonely City: Adventures in the Art of Being Alone,33.26 £,Two star(s)
Nonfiction,The Diary of a Young Girl,59.90 £,Three star(s)
Nonfiction,Snatched: How A Drug Queen Went Undercover for the DEA and Was Kidnapped By Colombian Guerillas,21.21 £,Three star(s)
Nonfiction,Furiously Happy: A Funny Book About Horrible Things,41.46 £,Four star(s)
Nonfiction,"The Sleep Revolution: Transforming Your Life, One Night at a Time",11.68 £,Four star(s)
Nonfiction,"Mother, Can You Not?",16.89 £,Five star(s)
Nonfiction,A Mother's Reckoning: Living in the Aftermath of Tragedy,19.53 £,Three star(s)
Nonfiction,"10% Happier: How I Tamed the Voice in My Head, Reduced Stress Without Losing My Edge, and Found Self-Help That Actually Works",24.57 £,Two star(s)
Nonfiction,Chernobyl 01:23:40: The Incredible True Story of the World's Worst Nuclear Disaster,35.92 £,Two star(s)
Nonfiction,"Zero to One: Notes on Startups, or How to Build the Future",34.06 £,Three star(s)
Nonfiction,Why Not Me?,17.76 £,One star(s)
Nonfiction,When Breath Becomes Air,39.36 £,Two star(s)
Nonfiction,"The Midnight Assassin: Panic, Scandal, and the Hunt for America's First Serial Killer",28.45 £,Four star(s)
Nonfiction,Smarter Faster Better: The Secrets of Being Productive in Life and Business,38.89 £,Five star(s)
Nonfiction,Rising Strong,21.82 £,Three star(s)
Nonfiction,Man's Search for Meaning,29.48 £,Three star(s)
Nonfiction,"Love That Boy: What Two Presidents, Eight Road Trips, and My Son Taught Me About a Parent's Expectations",25.06 £,Two star(s)
Nonfiction,Living Forward: A Proven Plan to Stop Drifting and Get the Life You Want,12.55 £,Three star(s)
Nonfiction,I Will Find You,44.21 £,One star(s)
Nonfiction,Brazen: The Courage to Find the You That's Been Hiding,19.22 £,Two star(s)
Nonfiction,Between the World and Me,56.91 £,Four star(s)
Nonfiction,Being Mortal: Medicine and What Matters in the End,55.06 £,Four star(s)
Nonfiction,"A Murder Over a Girl: Justice, Gender, Junior High",13.20 £,Three star(s)
Nonfiction,For the Love: Fighting for Grace in a World of Impossible Standards,45.13 £,Three star(s)
Nonfiction,Finding God in the Ruins: How God Redeems Pain,46.64 £,Two star(s)
Nonfiction,The Man Who Mistook His Wife for a Hat and Other Clinical Tales,59.45 £,Four star(s)
Nonfiction,In Cold Blood,49.98 £,Four star(s)
Nonfiction,"Girl, Interrupted",42.14 £,Three star(s)
Nonfiction,Why Save the Bankers?: And Other Essays on Our Economic and Political Crisis,48.67 £,Two star(s)
Nonfiction,Talking to Girls About Duran Duran: One Young Man's Quest for True Love and a Cooler Haircut,25.15 £,Four star(s)
Nonfiction,My Mother Was Nuts,31.63 £,Four star(s)
Nonfiction,"Data, A Love Story: How I Gamed Online Dating to Meet My Match",32.35 £,Three star(s)
Nonfiction,The Jazz of Physics: The Secret Link Between Music and the Structure of the Universe,38.71 £,Three star(s)
Nonfiction,The Gunning of America: Business and the Making of American Gun Culture,16.81 £,Four star(s)
Nonfiction,The Geography of Bliss: One Grump's Search for the Happiest Places in the World,28.23 £,Two star(s)
Nonfiction,God Is Not Great: How Religion Poisons Everything,27.80 £,One star(s)
Nonfiction,We the People: The Modern-Day Figures Who Have Reshaped and Affirmed the Founding Fathers' Vision of America,31.95 £,Three star(s)
Nonfiction,Very Good Lives: The Fringe Benefits of Failure and the Importance of Imagination,50.66 £,Three star(s)
Nonfiction,"Unstuffed: Decluttering Your Home, Mind, and Soul",58.09 £,One star(s)
Nonfiction,Under the Banner of Heaven: A Story of Violent Faith,30.00 £,One star(s)
Nonfiction,"Trespassing Across America: One Man's Epic, Never-Done-Before (and Sort of Illegal) Hike Across the Heartland",53.51 £,One star(s)
Nonfiction,The Name of God is Mercy,37.25 £,Two star(s)
Nonfiction,Stiff: The Curious Lives of Human Cadavers,36.74 £,Three star(s)
Nonfiction,Spilled Milk: Based on a True Story,49.51 £,One star(s)
Nonfiction,"Rise of the Rocket Girls: The Women Who Propelled Us, from Missiles to the Moon to Mars",41.67 £,Four star(s)
Nonfiction,Outliers: The Story of Success,14.16 £,One star(s)
Nonfiction,Notes from a Small Island (Notes From a Small Island #1),40.17 £,One star(s)
Nonfiction,Night (The Night Trilogy #1),13.51 £,One star(s)
Nonfiction,"Miracles from Heaven: A Little Girl, Her Journey to Heaven, and Her Amazing Story of Healing",57.83 £,One star(s)
Nonfiction,Letter to a Christian Nation,22.20 £,One star(s)
Nonfiction,Let's Pretend This Never Happened: A Mostly True Memoir,45.11 £,One star(s)
Nonfiction,It's Never Too Late to Begin Again: Discovering Creativity and Meaning at Midlife and Beyond,42.38 £,One star(s)
Nonfiction,Into the Wild,56.70 £,Five star(s)
Nonfiction,"In the Garden of Beasts: Love, Terror, and an American Family in Hitler's Berlin",28.85 £,Three star(s)
Nonfiction,I Am Malala: The Girl Who Stood Up for Education and Was Shot by the Taliban,28.88 £,Two star(s)
Nonfiction,Gratitude,26.66 £,Five star(s)
Nonfiction,Disrupted: My Misadventure in the Start-Up Bubble,15.28 £,Five star(s)
Nonfiction,Brave Enough,51.32 £,Five star(s)
Nonfiction,"Born to Run: A Hidden Tribe, Superathletes, and the Greatest Race the World Has Never Seen",27.35 £,Two star(s)
Nonfiction,Blink: The Power of Thinking Without Thinking,21.74 £,Five star(s)
Nonfiction,Black Flags: The Rise of ISIS,40.87 £,One star(s)
Nonfiction,Are We Smart Enough to Know How Smart Animals Are?,56.58 £,One star(s)
Nonfiction,A Walk in the Woods: Rediscovering America on the Appalachian Trail,30.48 £,Four star(s)
Nonfiction,"The Suffragettes (Little Black Classics, #96)",11.89 £,Two star(s)
Nonfiction,Kindle Paperwhite User's Guide,34.00 £,Three star(s)
Nonfiction,H is for Hawk,57.42 £,Five star(s)
Nonfiction,Travels with Charley: In Search of America,57.82 £,Five star(s)
Nonfiction,The Tumor,41.56 £,Five star(s)
Nonfiction,The End of the Jesus Era (An Investigation #1),14.40 £,One star(s)
Nonfiction,"Eat, Pray, Love",51.32 £,Three star(s)
Music,Rip it Up and Start Again,35.02 £,Five star(s)
Music,"Our Band Could Be Your Life: Scenes from the American Indie Underground, 1981-1991",57.25 £,Three star(s)
Music,How Music Works,37.32 £,Two star(s)
Music,Love Is a Mix Tape (Music #1),18.03 £,One star(s)
Music,Please Kill Me: The Uncensored Oral History of Punk,31.19 £,Four star(s)
Music,Kill 'Em and Leave: Searching for James Brown and the American Soul,45.05 £,Five star(s)
Music,"Chronicles, Vol. 1",52.60 £,Two star(s)
Music,This Is Your Brain on Music: The Science of a Human Obsession,38.40 £,One star(s)
Music,"Orchestra of Exiles: The Story of Bronislaw Huberman, the Israel Philharmonic, and the One Thousand Jews He Saved from Nazi Horrors",12.36 £,Three star(s)
Music,No One Here Gets Out Alive,20.02 £,Five star(s)
Music,Life,31.58 £,Five star(s)
Music,Old Records Never Die: One Man's Quest for His Vinyl and His Past,55.66 £,Two star(s)
Music,Forever Rockers (The Rocker #12),28.80 £,Three star(s)
Default,"The Coming Woman: A Novel Based on the Life of the Infamous Feminist, Victoria Woodhull",17.93 £,Three star(s)
Default,The Boys in the Boat: Nine Americans and Their Epic Quest for Gold at the 1936 Berlin Olympics,22.60 £,Four star(s)
Default,"Starving Hearts (Triangular Trade Trilogy, #1)",13.99 £,Two star(s)
Default,America's Cradle of Quarterbacks: Western Pennsylvania's Football Factory from Johnny Unitas to Joe Montana,22.50 £,Three star(s)
Default,Aladdin and His Wonderful Lamp,53.13 £,Three star(s)
Default,Penny Maybe,33.29 £,Three star(s)
Default,Maude (1883-1993):She Grew Up with the country,18.02 £,Two star(s)
Default,"The Inefficiency Assassin: Time Management Tactics for Working Smarter, Not Longer",20.59 £,Five star(s)
Default,Soul Reader,39.58 £,Two star(s)
Default,Bossypants,49.46 £,Two star(s)
Default,A World of Flavor: Your Gluten Free Passport,42.95 £,One star(s)
Default,"A Piece of Sky, a Grain of Rice: A Memoir in Four Meditations",56.76 £,Five star(s)
Default,Tracing Numbers on a Train,41.60 £,Three star(s)
Default,Thirteen Reasons Why,52.72 £,One star(s)
Default,The Secret (The Secret #1),27.37 £,Four star(s)
Default,The Psychopath Test: A Journey Through the Madness Industry,36.00 £,Two star(s)
Default,The Kite Runner,41.82 £,Four star(s)
Default,The Girl on the Train,55.02 £,Two star(s)
Default,The Emerald Mystery,23.15 £,Two star(s)
Default,The Bridge to Consciousness: I'm Writing the Bridge Between Science and Our Old and New Beliefs.,32.00 £,Three star(s)
Default,The Art of War,33.34 £,Five star(s)
Default,Secrets and Lace (Fatal Hearts #1),20.27 £,One star(s)
Default,Romero and Juliet: A Tragic Tale of Love and Zombies,36.94 £,One star(s)
Default,Poses for Artists Volume 1 - Dynamic and Sitting Poses: An Essential Reference for Figure Drawing and the Human Form,41.06 £,One star(s)
Default,Miss Peregrine’s Home for Peculiar Children (Miss Peregrine’s Peculiar Children #1),10.76 £,One star(s)
Default,Large Print Heart of the Pride,19.15 £,Two star(s)
Default,Grumbles,22.16 £,Two star(s)
Default,First Steps for New Christians (Print Edition),29.00 £,One star(s)
Default,Eureka Trivia 6.0,54.59 £,Four star(s)
Default,Drive: The Surprising Truth About What Motivates Us,34.95 £,Four star(s)
Default,Done Rubbed Out (Reightman & Bailey #1),37.72 £,Five star(s)
Default,Beauty Restored (Riley Family Legacy Novellas #3),11.11 £,Two star(s)
Default,Ayumi's Violin,15.48 £,Two star(s)
Default,Anonymous,46.82 £,Four star(s)
Default,Amy Meets the Saints and Sages,18.46 £,Three star(s)
Default,Amatus,50.54 £,Five star(s)
Default,V for Vendetta (V for Vendetta Complete),37.10 £,Four star(s)
Default,"Unbroken: A World War II Story of Survival, Resilience, and Redemption",45.95 £,Two star(s)
Default,The Wright Brothers,56.80 £,Four star(s)
Default,The Songs of the Gods,44.48 £,Five star(s)
Default,The Rosie Project (Don Tillman #1),54.04 £,One star(s)
Default,The Power of Habit: Why We Do What We Do in Life and Business,16.88 £,Three star(s)
Default,Steve Jobs,39.50 £,Five star(s)
Default,Luckiest Girl Alive,49.83 £,Three star(s)
Default,"Living Leadership by Insight: A Good Leader Achieves, a Great Leader Builds Monuments",46.91 £,Four star(s)
Default,Lady Midnight (The Dark Artifices #1),16.28 £,Five star(s)
Default,"Hush, Hush (Hush, Hush #1)",47.02 £,Three star(s)
Default,Greek Mythic History,10.23 £,Five star(s)
Default,Every Last Word,46.47 £,Three star(s)
Default,Daily Fantasy Sports,36.58 £,One star(s)
Default,Clockwork Angel (The Infernal Devices #1),44.14 £,One star(s)
Default,City of Fallen Angels (The Mortal Instruments #4),11.23 £,Four star(s)
Default,City of Bones (The Mortal Instruments #1),43.28 £,One star(s)
Default,City of Ashes (The Mortal Instruments #2),47.27 £,One star(s)
Default,"Carry On, Warrior: Thoughts on Life Unarmed",31.85 £,Three star(s)
Default,Carrie,46.23 £,Two star(s)
Default,Angels & Demons (Robert Langdon #1),51.48 £,Three star(s)
Default,"The Three Searches, Meaning, and the Story",13.33 £,Three star(s)
Default,Raspberry Pi Electronics Projects for the Evil Genius,49.67 £,Four star(s)
Default,How to Speak Golf: An Illustrated Guide to Links Lingo,58.32 £,Five star(s)
Default,Eleanor & Park,56.51 £,Five star(s)
Default,Troublemaker: Surviving Hollywood and Scientology,48.39 £,Two star(s)
Default,Adultery,20.88 £,Five star(s)
Default,Unlimited Intuition Now,58.87 £,Four star(s)
Default,Underlying Notes,11.82 £,Two star(s)
Default,The New Brand You: Your New Image Makes the Sale for You,44.05 £,Five star(s)
Default,The Flowers Lied,16.68 £,Two star(s)
Default,"NaNo What Now? Finding your editing process, revising your NaNoWriMo book and building a writing career through publishing and beyond",10.41 £,Four star(s)
Default,Modern Day Fables,47.44 £,Two star(s)
Default,The Unlikely Pilgrimage of Harold Fry (Harold Fry #1),43.62 £,Five star(s)
Default,The Martian (The Martian #1),41.39 £,Two star(s)
Default,Left Behind (Left Behind #1),40.72 £,Two star(s)
Default,John Vassos: Industrial Design for Modern Life,20.22 £,Four star(s)
Default,I'll Give You the Sun,56.48 £,One star(s)
Default,Heaven is for Real: A Little Boy's Astounding Story of His Trip to Heaven and Back,52.86 £,Two star(s)
Default,Ender's Game (The Ender Quintet #1),43.64 £,One star(s)
Default,Death by Leisure: A Cautionary Tale,37.51 £,Four star(s)
Default,Wildlife of New York: A Five-Borough Coloring Book,22.14 £,Two star(s)
Default,The Year of Living Biblically: One Man's Humble Quest to Follow the Bible as Literally as Possible,34.72 £,One star(s)
Default,The Great Gatsby,36.05 £,Four star(s)
Default,The Good Girl,49.03 £,Three star(s)
Default,The 7 Habits of Highly Effective People: Powerful Lessons in Personal Change,33.17 £,Four star(s)
Default,Steal Like an Artist: 10 Things Nobody Told You About Being Creative,20.90 £,Two star(s)
Default,Life of Pi,13.22 £,Four star(s)
Default,The Sound Of Love,57.84 £,Five star(s)
Default,The Perks of Being a Wallflower,55.02 £,Three star(s)
Default,The Makings of a Fatherless Child,31.58 £,Two star(s)
Default,The Hobbit (Middle-Earth Universe),17.80 £,Five star(s)
Default,The Fellowship of the Ring (The Lord of the Rings #1),10.27 £,Two star(s)
Default,Ship Leaves Harbor: Essays on Travel by a Recovering Journeyman,30.60 £,Three star(s)
Default,Musicophilia: Tales of Music and the Brain,46.58 £,One star(s)
Default,What If?: Serious Scientific Answers to Absurd Hypothetical Questions,53.68 £,Four star(s)
Default,The Fault in Our Stars,47.22 £,One star(s)
Default,The Dream Thieves (The Raven Cycle #2),34.50 £,One star(s)
Default,The 5th Wave (The 5th Wave #1),11.83 £,Two star(s)
Default,Shiver (The Wolves of Mercy Falls #1),16.23 £,Five star(s)
Default,Remember Me?,11.48 £,Three star(s)
Default,If I Stay (If I Stay #1),38.13 £,Five star(s)
Default,I Know Why the Caged Bird Sings (Maya Angelou's Autobiography #1),36.55 £,Two star(s)
Default,Harry Potter and the Deathly Hallows (Harry Potter #7),23.32 £,One star(s)
Default,Fool Me Once,16.96 £,One star(s)
Default,Drama,38.70 £,Two star(s)
Default,"Blue Lily, Lily Blue (The Raven Cycle #3)",34.13 £,Five star(s)
Default,Alight (The Generations Trilogy #2),58.59 £,Four star(s)
Default,Vogue Colors A to Z: A Fashion Coloring Book,52.35 £,Four star(s)
Default,The Shining (The Shining #1),27.88 £,Three star(s)
Default,The Hunger Games (The Hunger Games #1),29.85 £,Five star(s)
Default,Outlander (Outlander #1),19.67 £,Five star(s)
Default,Mockingjay (The Hunger Games #3),20.44 £,Four star(s)
Default,Harry Potter and the Sorcerer's Stone (Harry Potter #1),13.90 £,Three star(s)
Default,Confessions of a Shopaholic (Shopaholic #1),48.94 £,Two star(s)
Default,Zero History (Blue Ant #3),34.77 £,One star(s)
Default,World War Z: An Oral History of the Zombie War,21.80 £,One star(s)
Default,Wild: From Lost to Found on the Pacific Crest Trail,46.02 £,Three star(s)
Default,"Where'd You Go, Bernadette",18.13 £,One star(s)
Default,Twilight (Twilight #1),41.93 £,Two star(s)
Default,The Paris Wife,36.80 £,Three star(s)
Default,The Maze Runner (The Maze Runner #1),20.93 £,One star(s)
Default,The Lover's Dictionary,58.09 £,Two star(s)
Default,The Goldfinch,43.58 £,Three star(s)
Default,The Giver (The Giver Quartet #1),12.30 £,One star(s)
Default,The Girl Who Played with Fire (Millennium Trilogy #2),22.14 £,Two star(s)
Default,The Demon-Haunted World: Science as a Candle in the Dark,52.25 £,Four star(s)
Default,The Book Thief,53.49 £,Two star(s)
Default,The Autobiography of Malcolm X,23.43 £,Two star(s)
Default,Shopaholic & Baby (Shopaholic #5),46.45 £,Two star(s)
Default,Quiet: The Power of Introverts in a World That Can't Stop Talking,43.55 £,One star(s)
Default,Packing for Mars: The Curious Science of Life in the Void,56.68 £,Two star(s)
Default,Orange Is the New Black,24.61 £,Two star(s)
Default,One for the Money (Stephanie Plum #1),32.87 £,Two star(s)
Default,Morning Star (Red Rising #3),29.40 £,One star(s)
Default,Life After Life,26.13 £,Two star(s)
Default,"Lean In: Women, Work, and the Will to Lead",25.02 £,One star(s)
Default,Is Everyone Hanging Out Without Me? (And Other Concerns),20.11 £,Three star(s)
Default,Gone Girl,37.60 £,Five star(s)
Default,Fellside,38.62 £,One star(s)
Default,Eclipse (Twilight #3),18.74 £,One star(s)
Default,Dracula,52.62 £,Three star(s)
Default,Dead Wake: The Last Crossing of the Lusitania,39.24 £,Five star(s)
Default,"David and Goliath: Underdogs, Misfits, and the Art of Battling Giants",17.81 £,One star(s)
Default,Dark Places,23.90 £,Five star(s)
Default,Breaking Dawn (Twilight #4),35.28 £,Five star(s)
Default,Beautiful Creatures (Caster Chronicles #1),21.55 £,Five star(s)
Default,A Visit from the Goon Squad,14.08 £,Five star(s)
Default,The Zombie Room,19.69 £,Five star(s)
Default,The Name of the Wind (The Kingkiller Chronicle #1),50.59 £,Three star(s)
Default,Taking Shots (Assassins #1),18.88 £,Two star(s)
Default,Shatter Me (Shatter Me #1),42.40 £,One star(s)
Default,Paradise Lost (Paradise #1),24.96 £,One star(s)
Default,On the Road (Duluoz Legend),32.36 £,Three star(s)
Default,Jane Eyre,38.43 £,Five star(s)
Default,Frankenstein,38.00 £,Two star(s)
Science Fiction,Mesaerion: The Best Science Fiction Stories 1800-1849,37.59 £,One star(s)
Science Fiction,Join,35.67 £,Five star(s)
Science Fiction,"William Shakespeare's Star Wars: Verily, A New Hope (William Shakespeare's Star Wars #4)",43.30 £,Four star(s)
Science Fiction,The Project,10.65 £,One star(s)
Science Fiction,Soft Apocalypse,26.12 £,Two star(s)
Science Fiction,Sleeping Giants (Themis Files #1),48.74 £,One star(s)
Science Fiction,Arena,21.36 £,Four star(s)
Science Fiction,Foundation (Foundation (Publication Order) #1),32.42 £,One star(s)
Science Fiction,The Restaurant at the End of the Universe (Hitchhiker's Guide to the Galaxy #2),10.92 £,One star(s)
Science Fiction,Ready Player One,19.07 £,Four star(s)
Science Fiction,"Life, the Universe and Everything (Hitchhiker's Guide to the Galaxy #3)",33.26 £,Two star(s)
Science Fiction,Dune (Dune #1),54.86 £,One star(s)
Science Fiction,Do Androids Dream of Electric Sheep? (Blade Runner #1),51.48 £,One star(s)
Science Fiction,Three Wishes (River of Time: California #1),44.18 £,Two star(s)
Science Fiction,The Last Girl (The Dominion Trilogy #1),36.26 £,Two star(s)
Science Fiction,Having the Barbarian's Baby (Ice Planet Barbarians #7.5),34.96 £,Four star(s)
Sports and Games,The Book of Basketball: The NBA According to The Sports Guy,44.84 £,Five star(s)
Sports and Games,"Friday Night Lights: A Town, a Team, and a Dream",51.22 £,Three star(s)
Sports and Games,Sugar Rush (Offensive Line #2),24.42 £,One star(s)
Sports and Games,Settling the Score (The Summer Games #1),44.91 £,Two star(s)
Sports and Games,Icing (Aces Hockey #2),40.44 £,Four star(s)
Add a comment,The Torch Is Passed: A Harding Family Story,19.09 £,One star(s)
Add a comment,"The Mindfulness and Acceptance Workbook for Anxiety: A Guide to Breaking Free from Anxiety, Phobias, and Worry Using Acceptance and Commitment Therapy",23.89 £,Four star(s)
Add a comment,The Art Forger,40.76 £,Three star(s)
Add a comment,On a Midnight Clear,14.07 £,Three star(s)
Add a comment,Judo: Seven Steps to Black Belt (an Introductory Guide for Beginners),53.90 £,Two star(s)
Add a comment,"Shobu Samurai, Project Aryoku (#3)",29.06 £,Three star(s)
Add a comment,Modern Romance,28.26 £,Five star(s)
Add a comment,The White Queen (The Cousins' War #1),25.91 £,Five star(s)
Add a comment,The Song of Achilles,37.40 £,Five star(s)
Add a comment,The Immortal Life of Henrietta Lacks,40.67 £,Two star(s)
Add a comment,The Dovekeepers,48.78 £,One star(s)
Add a comment,More Than Music (Chasing the Dream #1),37.61 £,Two star(s)
Add a comment,Code Name Verity (Code Name Verity #1),22.13 £,Four star(s)
Add a comment,Cell,20.29 £,Four star(s)
Add a comment,Angels Walking (Angels Walking #1),34.20 £,Two star(s)
Add a comment,"A Series of Catastrophes and Miracles: A True Story of Love, Science, and Cancer",56.48 £,Two star(s)
Add a comment,A People's History of the United States,40.79 £,Two star(s)
Add a comment,A Brush of Wings (Angels Walking #3),55.51 £,One star(s)
Add a comment,Rook,37.86 £,Four star(s)
Add a comment,The Midnight Watch: A Novel of the Titanic and the Californian,26.20 £,One star(s)
Add a comment,The Gray Rhino: How to Recognize and Act on the Obvious Dangers We Ignore,59.15 £,Four star(s)
Add a comment,The Children,11.88 £,Three star(s)
Add a comment,One with You (Crossfire #5),15.71 £,Four star(s)
Add a comment,Without Shame,48.27 £,Five star(s)
Add a comment,Watchmen,58.05 £,Four star(s)
Add a comment,A Hero's Curse (The Unseen Chronicles #1),50.49 £,Three star(s)
Add a comment,23 Degrees South: A Tropical Tale of Changing Whether...,35.79 £,Two star(s)
Add a comment,The Glass Castle,16.24 £,One star(s)
Add a comment,The Drowning Girls,35.67 £,Three star(s)
Add a comment,Team of Rivals: The Political Genius of Abraham Lincoln,20.12 £,Five star(s)
Add a comment,John Adams,57.43 £,Four star(s)
Add a comment,Good in Bed (Cannie Shapiro #1),37.05 £,Five star(s)
Add a comment,The Joy of Cooking,43.27 £,Four star(s)
Add a comment,The Golden Compass (His Dark Materials #1),18.77 £,One star(s)
Add a comment,The God Delusion,46.85 £,Three star(s)
Add a comment,Pride and Prejudice,19.27 £,Four star(s)
Add a comment,Mere Christianity,48.51 £,Three star(s)
Add a comment,Fun Home: A Family Tragicomic,56.59 £,Four star(s)
Add a comment,The Raven King (The Raven Cycle #4),30.57 £,Two star(s)
Add a comment,Find Her (Detective D.D. Warren #8),22.37 £,One star(s)
Add a comment,Evicted: Poverty and Profit in the American City,42.27 £,One star(s)
Add a comment,A Game of Thrones (A Song of Ice and Fire #1),46.42 £,Two star(s)
Add a comment,A Clash of Kings (A Song of Ice and Fire #2),10.79 £,Three star(s)
Add a comment,The Tipping Point: How Little Things Can Make a Big Difference,10.02 £,Two star(s)
Add a comment,The Rest Is Noise: Listening to the Twentieth Century,34.77 £,One star(s)
Add a comment,The Purpose Driven Life: What on Earth Am I Here for?,37.19 £,Three star(s)
Add a comment,The Hitchhiker's Guide to the Galaxy (Hitchhiker's Guide to the Galaxy #1),47.80 £,Three star(s)
Add a comment,The Girl Who Kicked the Hornet's Nest (Millennium Trilogy #3),57.48 £,One star(s)
Add a comment,"The End of Faith: Religion, Terror, and the Future of Reason",22.13 £,Four star(s)
Add a comment,The Complete Poems,41.32 £,Five star(s)
Add a comment,The Catcher in the Rye,24.55 £,One star(s)
Add a comment,The Case for Christ (Cases for Christianity),47.84 £,One star(s)
Add a comment,The Blind Side: Evolution of a Game,53.71 £,Five star(s)
Add a comment,Seven Days in the Art World,52.33 £,Two star(s)
Add a comment,Sarah's Key,46.29 £,One star(s)
Add a comment,Rogue Lawyer (Rogue Lawyer #1),50.11 £,Three star(s)
Add a comment,Manuscript Found in Accra,34.98 £,Two star(s)
Add a comment,Fire Bound (Sea Haven/Sisters of the Heart #5),21.28 £,Four star(s)
Add a comment,Cosmos,36.17 £,Two star(s)
Add a comment,#GIRLBOSS,50.96 £,One star(s)
Add a comment,The Sense of an Ending,31.38 £,Three star(s)
Add a comment,The Republic,33.78 £,Three star(s)
Add a comment,The Odyssey,29.64 £,Three star(s)
Add a comment,The Light of the Fireflies,54.43 £,One star(s)
Add a comment,The Iliad,16.16 £,One star(s)
Add a comment,The Communist Manifesto,14.76 £,Three star(s)
Add a comment,Lord of the Flies,24.89 £,Three star(s)
Fantasy,Unicorn Tracks,18.78 £,Three star(s)
Fantasy,"Saga, Volume 6 (Saga (Collected Editions) #6)",25.02 £,Three star(s)
Fantasy,Princess Between Worlds (Wide-Awake Princess #5),13.34 £,Five star(s)
Fantasy,Masks and Shadows,56.40 £,Two star(s)
Fantasy,Crown of Midnight (Throne of Glass #2),43.29 £,Three star(s)
Fantasy,"Avatar: The Last Airbender: Smoke and Shadow, Part 3 (Smoke and Shadow #3)",28.09 £,Two star(s)
Fantasy,A Court of Thorns and Roses (A Court of Thorns and Roses #1),52.37 £,One star(s)
Fantasy,Throne of Glass (Throne of Glass #1),35.07 £,Three star(s)
Fantasy,The Glittering Court (The Glittering Court #1),44.28 £,One star(s)
Fantasy,Hollow City (Miss Peregrine’s Peculiar Children #2),42.98 £,One star(s)
Fantasy,The Star-Touched Queen,46.02 £,Five star(s)
Fantasy,The Hidden Oracle (The Trials of Apollo #1),52.26 £,Two star(s)
Fantasy,The Bane Chronicles (The Bane Chronicles #1-11),44.73 £,Four star(s)
Fantasy,Island of Dragons (Unwanteds #7),29.65 £,One star(s)
Fantasy,Demigods & Magicians: Percy and Annabeth Meet the Kanes (Percy Jackson & Kane Chronicles Crossover #1-3),37.51 £,Five star(s)
Fantasy,City of Glass (The Mortal Instruments #3),56.02 £,Four star(s)
Fantasy,Searching for Meaning in Gailana,38.73 £,One star(s)
Fantasy,The Star-Touched Queen,32.30 £,Five star(s)
Fantasy,A Shard of Ice (The Black Symphony Saga #1),56.63 £,Three star(s)
Fantasy,King's Folly (The Kinsman Chronicles #1),39.61 £,Five star(s)
Fantasy,Every Heart a Doorway (Every Heart A Doorway #1),12.16 £,Five star(s)
Fantasy,A Gathering of Shadows (Shades of Magic #2),44.81 £,Four star(s)
Fantasy,The Raven Boys (The Raven Cycle #1),57.74 £,Four star(s)
Fantasy,The False Prince (The Ascendance Trilogy #1),56.00 £,Five star(s)
Fantasy,Tell the Wind and Fire,45.51 £,Three star(s)
Fantasy,A Feast for Crows (A Song of Ice and Fire #4),17.21 £,Four star(s)
Fantasy,The Demonists (Demonist #1),52.11 £,Two star(s)
Fantasy,The Beast (Black Dagger Brotherhood #14),46.08 £,Five star(s)
Fantasy,Paper and Fire (The Great Library #2),49.45 £,Five star(s)
Fantasy,Harry Potter and the Order of the Phoenix (Harry Potter #5),31.63 £,Four star(s)
Fantasy,Harry Potter and the Half-Blood Prince (Harry Potter #6),48.75 £,Five star(s)
Fantasy,Harry Potter and the Chamber of Secrets (Harry Potter #2),14.74 £,One star(s)
Fantasy,The Rose & the Dagger (The Wrath and the Dawn #2),58.64 £,Four star(s)
Fantasy,Soldier (Talon #3),24.72 £,Two star(s)
Fantasy,Midnight Riot (Peter Grant/ Rivers of London - books #1),55.46 £,Two star(s)
Fantasy,Heir to the Sky,44.07 £,Four star(s)
Fantasy,Eragon (The Inheritance Cycle #1),43.87 £,Three star(s)
Fantasy,Darkfever (Fever #1),56.02 £,One star(s)
Fantasy,Ash,22.06 £,Four star(s)
Fantasy,A Storm of Swords (A Song of Ice and Fire #3),31.22 £,Two star(s)
Fantasy,Vampire Girl (Vampire Girl #1),53.82 £,Two star(s)
Fantasy,The Silent Twin (Detective Jennifer Knight #3),36.25 £,Three star(s)
Fantasy,The Mirror & the Maze (The Wrath and the Dawn #1.5),29.38 £,One star(s)
Fantasy,Sister Sable (The Mad Queen #1),13.33 £,Three star(s)
Fantasy,Shadow Rites (Jane Yellowrock #10),21.72 £,Four star(s)
Fantasy,Origins (Alphas 0.5),28.99 £,One star(s)
Fantasy,One Second (Seven #7),52.94 £,Two star(s)
Fantasy,Myriad (Prentor #1),58.75 £,Four star(s)
New Adult,Without Borders (Wanderlove #1),45.07 £,Two star(s)
New Adult,The Mistake (Off-Campus #2),43.29 £,Three star(s)
New Adult,The Matchmaker's Playbook (Wingmen Inc. #1),55.85 £,One star(s)
New Adult,The Hook Up (Game On #1),36.29 £,Five star(s)
New Adult,Shameless,58.35 £,Three star(s)
New Adult,Off Sides (Off #1),39.45 £,Five star(s)
Young Adult,The Requiem Red,22.65 £,One star(s)
Young Adult,Set Me Free,17.46 £,Five star(s)
Young Adult,The Natural History of Us (The Fine Art of Pretending #2),45.22 £,Three star(s)
Young Adult,Obsidian (Lux #1),14.86 £,Two star(s)
Young Adult,Burning,28.81 £,Three star(s)
Young Adult,A Fierce and Subtle Poison,28.13 £,Four star(s)
Young Adult,Scarlett Epstein Hates It Here,43.55 £,Five star(s)
Young Adult,"Nightingale, Sing",38.28 £,One star(s)
Young Adult,Library of Souls (Miss Peregrine’s Peculiar Children #3),48.56 £,Five star(s)
Young Adult,Frostbite (Vampire Academy #2),29.99 £,Five star(s)
Young Adult,Wild Swans,14.36 £,Two star(s)
Young Adult,Until Friday Night (The Field Party #1),46.31 £,Two star(s)
Young Adult,This Is Where It Ends,27.12 £,Two star(s)
Young Adult,The Darkest Lie,35.35 £,Five star(s)
Young Adult,My Kind of Crazy,40.36 £,One star(s)
Young Adult,Don't Get Caught,55.35 £,One star(s)
Young Adult,Catching Jordan (Hundred Oaks),50.83 £,Three star(s)
Young Adult,Aristotle and Dante Discover the Secrets of the Universe (Aristotle and Dante Discover the Secrets of the Universe #1),58.14 £,Four star(s)
Young Adult,The Epidemic (The Program 0.6),14.44 £,Five star(s)
Young Adult,Stars Above (The Lunar Chronicles #4.5),48.05 £,Two star(s)
Young Adult,No Love Allowed (Dodge Cove #1),54.65 £,Four star(s)
Young Adult,"Exit, Pursued by a Bear",51.34 £,Four star(s)
Young Adult,The Alien Club,54.40 £,One star(s)
Young Adult,Don't Forget Steven,33.23 £,One star(s)
Young Adult,South of Sunshine,28.93 £,One star(s)
Young Adult,My Life Next Door (My Life Next Door ),36.39 £,Five star(s)
Young Adult,Future Shock (Future Shock #1),55.65 £,Five star(s)
Young Adult,Nightstruck: A Novel,50.35 £,Four star(s)
Young Adult,Tell the Wolves I'm Home,50.96 £,Two star(s)
Young Adult,"Will Grayson, Will Grayson (Will Grayson, Will Grayson)",47.31 £,Four star(s)
Young Adult,Where She Went (If I Stay #2),41.73 £,Four star(s)
Young Adult,Two Summers,14.64 £,One star(s)
Young Adult,The Darkest Corners,11.33 £,Five star(s)
Young Adult,Tell Me Three Things,41.81 £,One star(s)
Young Adult,Lola and the Boy Next Door (Anna and the French Kiss #2),23.63 £,Four star(s)
Young Adult,Kill the Boy Band,15.52 £,Five star(s)
Young Adult,Isla and the Happily Ever After (Anna and the French Kiss #3),48.13 £,Five star(s)
Young Adult,An Abundance of Katherines,10.00 £,Five star(s)
Young Adult,Harry Potter and the Prisoner of Azkaban (Harry Potter #3),24.17 £,Four star(s)
Young Adult,Walk the Edge (Thunder Road #2),32.36 £,Three star(s)
Young Adult,Two Boys Kissing,32.74 £,Two star(s)
Young Adult,The New Guy (and Other Senior Year Distractions),44.92 £,Three star(s)
Young Adult,"The Land of 10,000 Madonnas",29.64 £,Four star(s)
Young Adult,Scarlet (The Lunar Chronicles #2),14.57 £,Four star(s)
Young Adult,Legend (Legend #1),43.69 £,Four star(s)
Young Adult,Lady Renegades (Rebel Belle #3),53.04 £,Five star(s)
Young Adult,Golden (Heart of Dread #3),42.21 £,Four star(s)
Young Adult,Cinder (The Lunar Chronicles #1),26.09 £,One star(s)
Young Adult,Boy Meets Boy,21.12 £,Three star(s)
Young Adult,Annie on My Mind,36.83 £,Five star(s)
Young Adult,New Moon (Twilight #2),12.86 £,Four star(s)
Young Adult,Girl Online On Tour (Girl Online #2),53.47 £,One star(s)
Young Adult,The Haters,27.89 £,Five star(s)
Young Adult,The Art of Not Breathing,40.83 £,Four star(s)
Science,The Most Perfect Thing: Inside (and Outside) a Bird's Egg,42.96 £,Four star(s)
Science,Immunity: How Elie Metchnikoff Changed the Course of Modern Medicine,57.36 £,Five star(s)
Science,Sorting the Beef from the Bull: The Science of Food Fraud Forensics,44.74 £,Four star(s)
Science,Tipping Point for Planet Earth: How Close Are We to the Edge?,37.55 £,One star(s)
Science,"The Fabric of the Cosmos: Space, Time, and the Texture of Reality",55.91 £,One star(s)
Science,Diary of a Citizen Scientist: Chasing Tiger Beetles and Other New Ways of Engaging the World,28.41 £,One star(s)
Science,The Origin of Species,10.01 £,Four star(s)
Science,The Grand Design,13.76 £,Three star(s)
Science,Peak: Secrets from the New Science of Expertise,16.28 £,Two star(s)
Science,"The Elegant Universe: Superstrings, Hidden Dimensions, and the Quest for the Ultimate Theory",13.03 £,Four star(s)
Science,"The Disappearing Spoon: And Other True Tales of Madness, Love, and the History of the World from the Periodic Table of the Elements",57.35 £,Five star(s)
Science,"Surely You're Joking, Mr. Feynman!: Adventures of a Curious Character",25.83 £,Two star(s)
Science,Seven Brief Lessons on Physics,30.60 £,Four star(s)
Science,The Selfish Gene,29.45 £,One star(s)
Poetry,A Light in the Attic,51.77 £,Three star(s)
Poetry,The Black Maria,52.15 £,One star(s)
Poetry,Shakespeare's Sonnets,20.66 £,Four star(s)
Poetry,Olio,23.88 £,One star(s)
Poetry,You can't bury them all: Poems,33.63 £,Two star(s)
Poetry,Slow States of Collapse: Poems,57.31 £,Three star(s)
Poetry,Untitled Collection: Sabbath Poems 2014,14.27 £,Four star(s)
Poetry,Poems That Make Grown Women Cry,14.19 £,Four star(s)
Poetry,Night Sky with Exit Wounds,41.05 £,One star(s)
Poetry,salt.,46.78 £,Four star(s)
Poetry,"Quarter Life Poetry: Poems for the Young, Broke and Hangry",50.89 £,Five star(s)
Poetry,Out of Print: City Lights Spotlight No. 14,53.64 £,Five star(s)
Poetry,Les Fleurs du Mal,29.04 £,Five star(s)
Poetry,Howl and Other Poems,40.45 £,Two star(s)
Poetry,Leave This Song Behind: Teen Poetry at Its Best,51.17 £,Five star(s)
Poetry,The Collected Poems of W.B. Yeats (The Collected Works of W.B. Yeats #1),15.42 £,Five star(s)
Poetry,The Crossover,38.77 £,Four star(s)
Poetry,Booked,17.49 £,Five star(s)
Poetry,Twenty Love Poems and a Song of Despair,30.95 £,Four star(s)
Paranormal,"Vampire Knight, Vol. 1 (Vampire Knight #1)",15.40 £,One star(s)
Art,Wall and Piece,44.18 £,Four star(s)
Art,Feathers: Displays of Brilliant Plumage,49.05 £,Three star(s)
Art,Art and Fear: Observations on the Perils (and Rewards) of Artmaking,48.63 £,Four star(s)
Art,The New Drawing on the Right Side of the Brain,43.02 £,Three star(s)
Art,History of Beauty,10.29 £,Four star(s)
Art,The Story of Art,41.14 £,Four star(s)
Art,The Art Book,32.34 £,Two star(s)
Art,Ways of Seeing,39.51 £,Five star(s)
Psychology,The Lucifer Effect: Understanding How Good People Turn Evil,10.40 £,One star(s)
Psychology,The Golden Condom: And Other Essays on Love Lost and Found,39.43 £,One star(s)
Psychology,It Didn't Start with You: How Inherited Family Trauma Shapes Who We Are and How to End the Cycle,56.27 £,Three star(s)
Psychology,An Unquiet Mind: A Memoir of Moods and Madness,21.30 £,Three star(s)
Psychology,"Thinking, Fast and Slow",21.14 £,One star(s)
Psychology,Civilization and Its Discontents,59.95 £,Two star(s)
Psychology,8 Keys to Mental Health Through Exercise,31.04 £,One star(s)
Autobiography,The Argonauts,10.93 £,Two star(s)
Autobiography,M Train,27.18 £,One star(s)
Autobiography,Lab Girl,40.85 £,One star(s)
Autobiography,Approval Junkie: Adventures in Caring Too Much,58.81 £,Five star(s)
Autobiography,Running with Scissors,12.91 £,Four star(s)
Autobiography,Me Talk Pretty One Day,57.60 £,Two star(s)
Autobiography,Lust & Wonder,11.87 £,Two star(s)
Autobiography,Life Without a Recipe,59.04 £,Five star(s)
Autobiography,A Heartbreaking Work of Staggering Genius,54.29 £,Five star(s)
Parenting,Catastrophic Happiness: Finding Joy in Childhood's Messy Years,37.35 £,Two star(s)
Adult Fiction,Fifty Shades Freed (Fifty Shades #3),15.36 £,Five star(s)
Humor,The Long Haul (Diary of a Wimpy Kid #9),44.07 £,One star(s)
Humor,Old School (Diary of a Wimpy Kid #10),11.83 £,Five star(s)
Humor,I Know What I'm Doing -- and Other Lies I Tell Myself: Dispatches from a Life Under Construction,25.98 £,Four star(s)
Humor,"Hyperbole and a Half: Unfortunate Situations, Flawed Coping Mechanisms, Mayhem, and Other Things That Happened",14.75 £,Five star(s)
Humor,Dress Your Family in Corduroy and Denim,43.68 £,Three star(s)
Humor,Toddlers Are A**holes: It's Not Your Fault,25.55 £,One star(s)
Humor,When You Are Engulfed in Flames,30.89 £,Five star(s)
Humor,Naked,31.69 £,Three star(s)
Humor,"Lamb: The Gospel According to Biff, Christ's Childhood Pal",55.50 £,Five star(s)
Humor,Holidays on Ice,51.07 £,Two star(s)
Horror,Security,39.25 £,Two star(s)
Horror,Follow You Home,21.36 £,One star(s)
Horror,The Loney,23.40 £,One star(s)
Horror,Pet Sematary,10.56 £,Three star(s)
Horror,Doctor Sleep (The Shining #2),40.12 £,Two star(s)
Horror,Psycho: Sanitarium (Psycho #1.5),36.97 £,Five star(s)
Horror,Can You Keep a Secret? (Fear Street Relaunch #4),48.64 £,One star(s)
Horror,Red Dragon (Hannibal Lecter #1),23.37 £,Three star(s)
Horror,Dracula the Un-Dead,35.63 £,Five star(s)
Horror,Night Shift (Night Shift #1-20),12.75 £,Four star(s)
Horror,Needful Things,47.51 £,Four star(s)
Horror,Misery,34.79 £,Two star(s)
Horror,It,25.01 £,Three star(s)
Horror,'Salem's Lot,49.56 £,Four star(s)
Horror,The Stand,57.86 £,Two star(s)
Horror,The Girl with All the Gifts,49.47 £,Three star(s)
Horror,House of Leaves,54.89 £,One star(s)
History,Sapiens: A Brief History of Humankind,54.23 £,Five star(s)
History,"Unbound: How Eight Technologies Made Us Human, Transformed Society, and Brought Our World to the Brink",25.52 £,One star(s)
History,The Age of Genius: The Seventeenth Century and the Birth of the Modern Mind,19.73 £,One star(s)
History,"Political Suicide: Missteps, Peccadilloes, Bad Calls, Backroom Hijinx, Sordid Pasts, Rotten Breaks, and Just Plain Dumb Mistakes in the Annals of American Politics",36.28 £,Two star(s)
History,Thomas Jefferson and the Tripoli Pirates: The Forgotten War That Changed American History,59.64 £,One star(s)
History,Zealot: The Life and Times of Jesus of Nazareth,24.70 £,Three star(s)
History,A Distant Mirror: The Calamitous 14th Century,14.58 £,Three star(s)
History,1491: New Revelations of the Americas Before Columbus,21.80 £,Three star(s)
History,Brilliant Beacons: A History of the American Lighthouse,11.45 £,Three star(s)
History,"""Most Blessed of the Patriarchs"": Thomas Jefferson and the Empire of the Imagination",44.48 £,Five star(s)
History,A Short History of Nearly Everything,52.40 £,Five star(s)
History,The Rise and Fall of the Third Reich: A History of Nazi Germany,39.67 £,Two star(s)
History,Catherine the Great: Portrait of a Woman,58.55 £,Four star(s)
History,The Mathews Men: Seven Brothers and the War Against Hitler's U-boats,42.91 £,Five star(s)
History,The Hiding Place,55.91 £,Four star(s)
History,America's War for the Greater Middle East: A Military History,51.22 £,Two star(s)
History,The Guns of August,14.54 £,Two star(s)
History,"House of Lost Worlds: Dinosaurs, Dynasties, and the Story of Life on Earth",43.70 £,Two star(s)
Food and Drink,"Foolproof Preserving: A Guide to Small Batch Jams, Jellies, Pickles, Condiments, and More: A Foolproof Guide to Making Small Batch Jams, Jellies, Pickles, Condiments, and More",30.52 £,Three star(s)
Food and Drink,"The Pioneer Woman Cooks: Dinnertime: Comfort Classics, Freezer Food, 16-Minute Meals, and Other Delicious Ways to Solve Supper!",56.41 £,One star(s)
Food and Drink,My Paris Kitchen: Recipes and Stories,33.37 £,Two star(s)
Food and Drink,"Mama Tried: Traditional Italian Cooking for the Screwed, Crude, Vegan, and Tattooed",14.02 £,Four star(s)
Food and Drink,"Layered: Baking, Building, and Styling Spectacular Cakes",40.11 £,One star(s)
Food and Drink,The Nerdy Nummies Cookbook: Sweet Treats for the Geek in All of Us,37.34 £,Five star(s)
Food and Drink,The Love and Lemons Cookbook: An Apple-to-Zucchini Celebration of Impromptu Cooking,37.60 £,Two star(s)
Food and Drink,The Cookies & Cups Cookbook: 125+ sweet & savory recipes reminding you to Always Eat Dessert First,41.25 £,One star(s)
Food and Drink,"Deliciously Ella Every Day: Quick and Easy Recipes for Gluten-Free Snacks, Packed Lunches, and Simple Meals",42.16 £,Three star(s)
Food and Drink,The Help Yourself Cookbook for Kids: 60 Easy Plant-Based Recipes Kids Can Make to Stay Healthy and Save the Earth,28.77 £,Three star(s)
Food and Drink,"It's All Easy: Healthy, Delicious Weeknight Meals in under 30 Minutes",19.55 £,One star(s)
Food and Drink,Barefoot Contessa Back to Basics,28.01 £,One star(s)
Food and Drink,Barefoot Contessa at Home: Everyday Recipes You'll Make Over and Over Again,50.62 £,Five star(s)
Food and Drink,My Kitchen Year: 136 Recipes That Saved My Life,11.53 £,Two star(s)
Food and Drink,Everyday Italian: 125 Simple and Delicious Recipes,20.10 £,Five star(s)
Food and Drink,"A la Mode: 120 Recipes in 60 Pairings: Pies, Tarts, Cakes, Crisps, and More Topped with Ice Cream, Gelato, Frozen Custard, and More",38.77 £,One star(s)
Food and Drink,Cravings: Recipes for What You Want to Eat,20.50 £,Three star(s)
Food and Drink,"The Moosewood Cookbook: Recipes from Moosewood Restaurant, Ithaca, New York",12.34 £,Four star(s)
Food and Drink,32 Yolks,53.63 £,Two star(s)
Food and Drink,"Naturally Lean: 125 Nourishing Gluten-Free, Plant-Based Recipes--All Under 300 Calories",11.38 £,Five star(s)
Food and Drink,How to Cook Everything Vegetarian: Simple Meatless Recipes for Great Food (How to Cook Everything),46.01 £,Four star(s)
Food and Drink,How to Be a Domestic Goddess: Baking and the Art of Comfort Cooking,28.25 £,Two star(s)
Food and Drink,The Barefoot Contessa Cookbook,59.92 £,Five star(s)
Food and Drink,Better Homes and Gardens New Cook Book,39.61 £,Three star(s)
Food and Drink,The Power Greens Cookbook: 140 Delicious Superfood Recipes,11.05 £,Five star(s)
Food and Drink,Mexican Today: New and Rediscovered Recipes for Contemporary Kitchens,24.91 £,Five star(s)
Food and Drink,Vegan Vegetarian Omnivore: Dinner for Everyone at the Table,13.66 £,Two star(s)
Food and Drink,The Smitten Kitchen Cookbook,23.59 £,One star(s)
Food and Drink,"The Art of Simple Food: Notes, Lessons, and Recipes from a Delicious Revolution",34.32 £,Three star(s)
Food and Drink,Hungry Girl Clean & Hungry: Easy All-Natural Recipes for Healthy Eating in the Real World,33.14 £,Three star(s)
Christian Fiction,Redeeming Love,20.47 £,Five star(s)
Christian Fiction,Close to You,49.46 £,Four star(s)
Christian Fiction,Shadows of the Past (Logan Point #1),39.67 £,Five star(s)
Christian Fiction,Like Never Before (Walker Family #2),28.77 £,Two star(s)
Christian Fiction,Counted With the Stars (Out from Egypt #1),17.97 £,Five star(s)
Christian Fiction,If I Run (If I Run #1),49.97 £,Four star(s)
Business,The Dirty Little Secrets of Getting Your Dream Job,33.34 £,Four star(s)
Business,The Third Wave: An Entrepreneur’s Vision of the Future,12.61 £,Five star(s)
Business,The 10% Entrepreneur: Live Your Startup Dream Without Quitting Your Day Job,27.55 £,Three star(s)
Business,Shoe Dog: A Memoir by the Creator of NIKE,23.99 £,Two star(s)
Business,Made to Stick: Why Some Ideas Survive and Others Die,38.85 £,Five star(s)
Business,Quench Your Own Thirst: Business Lessons Learned Over a Beer or Two,43.14 £,One star(s)
Business,The Art of Startup Fundraising,21.00 £,Three star(s)
Business,Born for This: How to Find the Work You Were Meant to Do,21.59 £,Five star(s)
Business,The E-Myth Revisited: Why Most Small Businesses Don't Work and What to Do About It,36.91 £,One star(s)
Business,"Rich Dad, Poor Dad",51.74 £,One star(s)
Business,The Lean Startup: How Today's Entrepreneurs Use Continuous Innovation to Create Radically Successful Businesses,33.92 £,Three star(s)
Business,Rework,44.88 £,Two star(s)
Biography,Louisa: The Extraordinary Life of Mrs. Adams,16.85 £,Two star(s)
Biography,"Setting the World on Fire: The Brief, Astonishing Life of St. Catherine of Siena",21.15 £,Two star(s)
Biography,The Faith of Christopher Hitchens: The Restless Soul of the World's Most Notorious Atheist,39.55 £,One star(s)
Biography,Benjamin Franklin: An American Life,48.19 £,Three star(s)
Biography,The Rise of Theodore Roosevelt (Theodore Roosevelt #1),42.57 £,Three star(s)
Thriller,In Her Wake,12.84 £,One star(s)
Thriller,The Elephant Tree,23.82 £,Five star(s)
Thriller,Behind Closed Doors,52.22 £,Four star(s)
Thriller,You (You #1),43.61 £,Five star(s)
Thriller,The Guilty (Will Robie #4),13.82 £,Two star(s)
Thriller,The 14th Colony (Cotton Malone #11),39.24 £,One star(s)
Thriller,Give It Back,18.32 £,Two star(s)
Thriller,Killing Floor (Jack Reacher #1),31.49 £,Four star(s)
Thriller,The Bone Hunters (Lexy Vaughan & Steven Macaulay #2),59.71 £,Three star(s)
Thriller,Far From True (Promise Falls Trilogy #2),34.93 £,Two star(s)
Thriller,The Travelers,15.77 £,One star(s)
Contemporary,When We Collided,31.77 £,One star(s)
Contemporary,Someone Like You (The Harrisons #2),52.79 £,Five star(s)
Contemporary,We Are All Completely Beside Ourselves,24.04 £,One star(s)
Spirituality,The Four Agreements: A Practical Guide to Personal Freedom,17.66 £,Five star(s)
Spirituality,The Activist's Tao Te Ching: Ancient Advice for a Modern Revolution,32.24 £,Five star(s)
Spirituality,Chasing Heaven: What Dying Taught Me About Living,37.80 £,Two star(s)
Spirituality,If I Gave You God's Phone Number....: Searching for Spirituality in America,20.91 £,One star(s)
Spirituality,Unreasonable Hope: Finding Faith in the God Who Brings Purpose to Your Pain,46.33 £,Two star(s)
Spirituality,A New Earth: Awakening to Your Life's Purpose,55.65 £,Five star(s)
Academic,Logan Kade (Fallen Crest High #5.5),13.12 £,Two star(s)
Self Help,Online Marketing for Busy Authors: A Step-By-Step Guide,46.35 £,One star(s)
Self Help,How to Be Miserable: 40 Strategies You Already Use,46.03 £,One star(s)
Self Help,"Overload: How to Unplug, Unwind, and Unleash Yourself from the Pressure of Stress",52.15 £,Three star(s)
Self Help,You Are a Badass: How to Stop Doubting Your Greatness and Start Living an Awesome Life,12.08 £,Three star(s)
Self Help,How to Stop Worrying and Start Living,46.49 £,Five star(s)
Historical,All the Light We Cannot See,29.87 £,Five star(s)
Historical,The Girl You Left Behind (The Girl You Left Behind #1),15.79 £,One star(s)
Christian,(Un)Qualified: How God Uses Broken People to Do Big Things,54.00 £,Five star(s)
Christian,Crazy Love: Overwhelmed by a Relentless God,47.72 £,Two star(s)
Christian,Blue Like Jazz: Nonreligious Thoughts on Christian Spirituality,25.77 £,One star(s)
Suspense,Silence in the Dark (Logan Point #4),58.33 £,Three star(s)
Short Stories,The Grownup,35.88 £,One star(s)
Novels,Suzie Snowflake: One beautiful flake (a self-esteem story),54.81 £,Five star(s)
Health,"The Bulletproof Diet: Lose up to a Pound a Day, Reclaim Energy and Focus, Upgrade Your Life",49.05 £,Three star(s)
Health,"Eat Fat, Get Thin",54.07 £,Two star(s)
Health,10-Day Green Smoothie Cleanse: Lose Up to 15 Pounds in 10 Days!,49.71 £,Five star(s)
Health,The Art and Science of Low Carbohydrate Living,52.98 £,Five star(s)
Politics,Libertarianism for Beginners,51.33 £,Two star(s)
Politics,Why the Right Went Wrong: Conservatism--From Goldwater to the Tea Party and Beyond,52.65 £,Four star(s)
Politics,Equal Is Unfair: America's Misguided Fight Against Income Inequality,56.86 £,One star(s)
Cultural,Amid the Chaos,36.58 £,One star(s)
Erotica,Dark Notes,19.19 £,Five star(s)
Crime,The Long Shadow of Small Ghosts: Murder and Memory in an American City,10.97 £,One star(s)
